Workbook

Sheet Dane sprzedazy
A1: Data | B1: Produkt | C1: Kategoria | D1: Ilosc | E1: Cena jedn. | F1: Wartosc
A2: 2026-01-05 | B2: Chleb | C2: Pieczywo | D2: 40 | E2: 4.5 | F2: =D2*E2 -> 180
A3: 2026-01-05 | B3: Bulka | C3: Pieczywo | D3: 60 | E3: 1.2 | F3: =D3*E3 -> 72
A4: 2026-01-06 | B4: Mleko | C4: Nabial | D4: 30 | E4: 3.4 | F4: =D4*E4 -> 102
A5: 2026-01-06 | B5: Ser zolty | C5: Nabial | D5: 12 | E5: 18.9 | F5: =D5*E5 -> 226.8
A6: 2026-01-07 | B6: Jablka | C6: Owoce | D6: 25 | E6: 3.99 | F6: =D6*E6 -> 99.75
A7: 2026-01-07 | B7: Banany | C7: Owoce | D7: 35 | E7: 4.49 | F7: =D7*E7 -> 157.15
A8: 2026-01-08 | B8: Chleb | C8: Pieczywo | D8: 38 | E8: 4.5 | F8: =D8*E8 -> 171
A9: 2026-01-08 | B9: Jogurt | C9: Nabial | D9: 50 | E9: 2.2 | F9: =D9*E9 -> 110
A10: 2026-01-09 | B10: Pomarancze | C10: Owoce | D10: 20 | E10: 5.2 | F10: =D10*E10 -> 104
A11: 2026-01-09 | B11: Bulka | C11: Pieczywo | D11: 55 | E11: 1.2 | F11: =D11*E11 -> 66
A12: 2026-01-10 | B12: Maslo | C12: Nabial | D12: 18 | E12: 6.9 | F12: =D12*E12 -> 124.2
A13: 2026-01-10 | B13: Jablka | C13: Owoce | D13: 30 | E13: 3.99 | F13: =D13*E13 -> 119.7
... A17: 2026-01-12 | B17: Jogurt | C17: Nabial | D17: 45 | E17: 2.2 | F17: =D17*E17 -> 99

Sheet Podsumowanie
B2: Podsumowanie sprzedazy wg kategorii
B3: Dane licza sie automatycznie z arkusza 'Dane sprzedazy' (SUMA.JEZELI / LICZ.JEZELI)
B5: Kategoria | C5: Wartosc sprzedazy | D5: Liczba transakcji | E5: Srednia wartosc
B6: Pieczywo | C6: =SUMIF('Dane sprzedazy'!$C$2:$C$17,B6,'Dane sprzedazy'!$F$2:$F$17) -> 678 | D6: =COUNTIF('Dane sprzedazy'!$C$2:$C$17,B6) -> 5 | E6: =C6/D6 -> 135.6
B7: Nabial | C7: =SUMIF('Dane sprzedazy'!$C$2:$C$17,B7,'Dane sprzedazy'!$F$2:$F$17) -> 774.2 | D7: =COUNTIF('Dane sprzedazy'!$C$2:$C$17,B7) -> 6 | E7: =C7/D7 -> 129.03333
B8: Owoce | C8: =SUMIF('Dane sprzedazy'!$C$2:$C$17,B8,'Dane sprzedazy'!$F$2:$F$17) -> 606.32 | D8: =COUNTIF('Dane sprzedazy'!$C$2:$C$17,B8) -> 5 | E8: =C8/D8 -> 121.264
B9: RAZEM | C9: =SUM(C6:C8) -> 2058.52
